Company,link,Type,city,region,country
2k Czech,http://www.2kczech.com, Developer,Brno,Moravia,Czech Republic
About Fun,http://www.about-fun.com, Developer,Prague,Bohemia,Czech Republic
Alda Games,http://www.aldagames.com, Developer,Brno,Moravia,Czech Republic
Amanita Design,http://www.amanita-design.net, Developer,Brno,Moravia,Czech Republic
Artax,http://www.artaxapps.com, Mobile,Brno,Moravia,Czech Republic
Badfly Interactive,http://www.badflyinteractive.com, Developer,Uhersk√© Hradi?t?,Moravia,Czech Republic
Bohemia Interactive,http://www.bistudio.com, Developer,Brno,Moravia,Czech Republic
Bohemia Interactive,http://www.bistudio.com, Developer,Mnisek,Bohemia,Czech Republic
Bohemia Interactive,http://www.bistudio.com, Developer,Prague,Bohemia,Czech Republic
CBE Software,http://www.cbe-software.com, Developer,Brno,Moravia,Czech Republic
Cinemax,http://www.cinemax.cz, Developer,Prague,Bohemia,Czech Republic
Dreadlocks,http://www.dreadlocks.cz, Developer,Prague,Bohemia,Czech Republic
Fineway Studios,http://www.finewaystudios.com, Developer,Brno,Moravia,Czech Republic
Fiolasoft Studios,http://www.fiolasoft.com, Developer,Prague,Bohemia,Czech Republic
Gamajun Games,http://www.gamajun-games.com, Mobile,Brno,Moravia,Czech Republic
GameDev Area,http://www.gamedevarea.com, Organization,Brno,Moravia,Czech Republic
Geewa,http://corporate.geewa.com, Developer and Publisher,Prague,Bohemia,Czech Republic
GRIP Digital,http://www.grip-games.com, Developer and Publisher,Prague,Bohemia,Czech Republic
Hangonit,http://www.rememoried.net, Developer,Brno,Moravia,Czech Republic
Hexage,http://www.hexage.net, Developer,Mnisek pod Brdy,Bohemia,Czech Republic
Keen Software House,http://www.keenswh.com, Developer,Prague,Bohemia,Czech Republic
Lusorion Creatives,http://www.lusorion.com, Developer,Brno,Moravia,Czech Republic
MADFINGER Games,http://www.madfingergames.com, Developer,Brno,Moravia,Czech Republic
NOXGAMES,http://www.noxgames.com, Mobile,Brno,Moravia,Czech Republic
Paperash Studio,http://www.paperash.com, Developer,Prague,Bohemia,Czech Republic
Rake In Grass,http://www.rakeingrass.com, Developer,Prague,Bohemia,Czech Republic
Running Pillow,http://www.running-pillow.webnode.cz, Mobile,Brno,Moravia,Czech Republic
SCS Software,http://www.scssoft.com, Developer,Prague,Bohemia,Czech Republic
Silicon Jelly,http://www.siliconjelly.com, Mobile,Prague,Bohemia,Czech Republic
Starwell Games,http://www.starwellgames.com, Mobile,Blansko,Moravia,Czech Republic
Tinysoft,http://www.tinysoft.sk, Developer,Brno,Moravia,Czech Republic
Trickster Arts,http://www.tricksterarts.com, Mobile,Brno,Moravia,Czech Republic
Unigine Europe,http://unigine.com, Developer,Prague,Bohemia,Czech Republic
Warhorse Studios,http://www.warhorsestudios.cz, Developer,Prague,Bohemia,Czech Republic
Wube Software,http://www.factorio.com, Developer,Prague,Bohemia,Czech Republic
